brand,description,giftsource_url,id,image_url,name,price,product_source_url,start_url
Amazon,"If you're both quite creative, you can spend some quality time together making your own air-dry pottery creations with  this kit from Pott'd . It has everything you'll need, including tools and paint!",https://www.buzzfeed.com/valezabakolli/best-amazon-gifts-for-spring-birthdays,fab3fea1-fc10-4d1e-be4b-9fa4ef7254e0,https://img.buzzfeed.com/buzzfeed-static/static/2023-03/1/12/asset/dd7dba35a506/sub-buzz-491-1677674695-8.jpg?downsize=700%3A%2A&output-quality=auto&output-format=auto,this kit from Pott'd,36,https://www.amazon.co.uk/dp/B09134V69J?tag=bfvaleza-21&ascsubtag=7388186%2C1%2C45%2Cmobile_web%2C0%2C0%2C0%2C0%3A0%2C25657237%2C0%2C0%2C0,https://www.buzzfeed.com/valezabakolli/best-amazon-gifts-for-spring-birthdays
Amazon,This  scented candle  makes a super thoughtful gift for the 21 year old in your life.,https://www.buzzfeed.com/valezabakolli/best-amazon-gifts-for-spring-birthdays,ea53f019-56c4-41f5-8324-7d57043f9861,https://img.buzzfeed.com/buzzfeed-static/static/2023-04/13/9/asset/34fc681c822b/sub-buzz-3159-1681379310-1.jpg?downsize=700%3A%2A&output-quality=auto&output-format=auto,scented candle,13.99,https://www.amazon.co.uk/dp/B0BL7LQ426?tag=bfvaleza-21&ascsubtag=7388186%2C2%2C45%2Cmobile_web%2C0%2C0%2C0%2C0%3A0%2C25657624%2C0%2C0%2C0,https://www.buzzfeed.com/valezabakolli/best-amazon-gifts-for-spring-birthdays
Amazon,This  Sanctuary Spa gift set  includes six soothing pamper products pre-packaged in a beautiful box!,https://www.buzzfeed.com/valezabakolli/best-amazon-gifts-for-spring-birthdays,0c42a6aa-fc45-4f0d-9eb1-551b750aed3c,https://img.buzzfeed.com/buzzfeed-static/static/2022-03/15/10/asset/62c157990672/sub-buzz-1520-1647340738-34.jpg?downsize=700%3A%2A&output-quality=auto&output-format=auto,Sanctuary Spa gift set,16,https://www.amazon.co.uk/dp/B0859LX8NT?tag=bfvaleza-21&ascsubtag=7388186%2C3%2C45%2Cmobile_web%2C0%2C0%2C0%2C0%3A0%2C25654930%2C0%2C0%2C0,https://www.buzzfeed.com/valezabakolli/best-amazon-gifts-for-spring-birthdays
Amazon,It would be impossible for them not to smile when they unwrap this  hilarious mug .,https://www.buzzfeed.com/valezabakolli/best-amazon-gifts-for-spring-birthdays,37109044-3337-4189-991a-0e7ab2ce7245,https://img.buzzfeed.com/buzzfeed-static/static/2022-03/15/11/asset/e81255ae19ed/sub-buzz-1522-1647342822-12.jpg,hilarious mug,8.87,https://www.amazon.co.uk/dp/B08LZKHWF7?tag=bfvaleza-21&ascsubtag=7388186%2C4%2C45%2Cmobile_web%2C0%2C0%2C0%2C0%3A0%2C25657266%2C0%2C0%2C0,https://www.buzzfeed.com/valezabakolli/best-amazon-gifts-for-spring-birthdays
Amazon,And the same goes for this  Grow Me Be Happy kit  that includes all they'll need to grow their very own sunflowers!,https://www.buzzfeed.com/valezabakolli/best-amazon-gifts-for-spring-birthdays,6cafd68c-e743-43fb-951e-0e42b020c221,https://img.buzzfeed.com/buzzfeed-static/static/2023-04/13/9/asset/9ec7269c7b31/sub-buzz-1244-1681379417-2.jpg,Grow Me Be Happy kit,3.99,https://www.amazon.co.uk/dp/B004UF9O0I?tag=bfvaleza-21&ascsubtag=7388186%2C5%2C45%2Cmobile_web%2C0%2C0%2C0%2C0%3A0%2C25657629%2C0%2C0%2C0,https://www.buzzfeed.com/valezabakolli/best-amazon-gifts-for-spring-birthdays
Amazon,"If they love to romanticise their life, the  Hotel Chocolat Velvetiser  makes a great gift! They can make their own barista-level beverages every morning – and it's not just for hot chocolate either, it's also an incredible milk frother, matcha tea maker, and  so  much more. Hello, collagen and caramel syrup-infused oat matcha latte!",https://www.buzzfeed.com/valezabakolli/best-amazon-gifts-for-spring-birthdays,db1484b8-4592-4354-9aa8-78aad0a537d6,,Hotel Chocolat Velvetiser,109.99,https://www.amazon.co.uk/dp/B07XBN4613?tag=bfvaleza-21&ascsubtag=7388186%2C6%2C45%2Cmobile_web%2C0%2C0%2C0%2C0%3A0%2C25657890%2C0%2C0%2C0,https://www.buzzfeed.com/valezabakolli/best-amazon-gifts-for-spring-birthdays
Amazon,"This  beautiful bouquet of roses  is sure to put a smile on their face,  plus  it's under £20!",https://www.buzzfeed.com/valezabakolli/best-amazon-gifts-for-spring-birthdays,c825a7f7-7480-43f3-a244-ed722ccf864a,https://img.buzzfeed.com/buzzfeed-static/static/2023-04/13/9/asset/f75096da9394/sub-buzz-2303-1681379648-2.jpg,beautiful bouquet of roses,20,https://www.amazon.co.uk/dp/B09B7TLRZ6?tag=bfvaleza-21&ascsubtag=7388186%2C7%2C45%2Cmobile_web%2C0%2C0%2C0%2C0%3A0%2C25665143%2C0%2C0%2C0,https://www.buzzfeed.com/valezabakolli/best-amazon-gifts-for-spring-birthdays
Amazon,And these  dried letterbox flowers  will last them  ages  – 'cause who doesn't love to prolong their birthday celebrations?!,https://www.buzzfeed.com/valezabakolli/best-amazon-gifts-for-spring-birthdays,be805f98-4b9b-4777-82be-b34827a02396,https://img.buzzfeed.com/buzzfeed-static/static/2023-04/13/9/asset/9ec7269c7b31/sub-buzz-1272-1681379764-1.jpg,dried letterbox flowers,14.39,https://www.amazon.co.uk/dp/B09SM22KD8?tag=bfvaleza-21&ascsubtag=7388186%2C8%2C45%2Cmobile_web%2C0%2C0%2C0%2C0%3A0%2C25665141%2C0%2C0%2C0,https://www.buzzfeed.com/valezabakolli/best-amazon-gifts-for-spring-birthdays
Amazon,"Lift their spirits even further with this  wholesome and heart-warming book . It has a 4.9-star average rating from over 115,000 reviews, so you know it's a winner!",https://www.buzzfeed.com/valezabakolli/best-amazon-gifts-for-spring-birthdays,6facd61a-7162-4485-9688-095d76ad2bb0,https://img.buzzfeed.com/buzzfeed-static/static/2022-03/15/11/asset/e81255ae19ed/sub-buzz-1522-1647343077-14.jpg,wholesome and heart-warming book,9,https://www.amazon.co.uk/dp/1529105102?tag=bfvaleza-21&ascsubtag=7388186%2C9%2C45%2Cmobile_web%2C0%2C0%2C0%2C0%3A0%2C25654927%2C0%2C0%2C0,https://www.buzzfeed.com/valezabakolli/best-amazon-gifts-for-spring-birthdays
Amazon,And the bestselling book  Lessons in Chemistry  is a wholesome and hilarious read.,https://www.buzzfeed.com/valezabakolli/best-amazon-gifts-for-spring-birthdays,3d293fa4-a61d-4629-aedc-bc103754e130,https://img.buzzfeed.com/buzzfeed-static/static/2023-04/13/9/asset/81ef35bcaa34/sub-buzz-508-1681378041-3.png,Lessons in Chemistry,7.99,https://www.amazon.co.uk/dp/1804990922?tag=bfvaleza-21&ascsubtag=7388186%2C10%2C45%2Cmobile_web%2C0%2C0%2C0%2C0%3A0%2C25657227%2C0%2C0%2C0,https://www.buzzfeed.com/valezabakolli/best-amazon-gifts-for-spring-birthdays
Amazon,"Give them the gift of a great night's sleep thanks to this  Feather & Down gift set  that includes a sleep balm, pillow spray, soothing shower cream, and luxe eye mask.",https://www.buzzfeed.com/valezabakolli/best-amazon-gifts-for-spring-birthdays,e41cf918-2c8c-401c-8bd4-9e8aea1e43c3,https://img.buzzfeed.com/buzzfeed-static/static/2022-03/15/11/asset/fc02a499cd56/sub-buzz-1517-1647344251-3.jpg,Feather & Down gift set,15,https://www.amazon.co.uk/dp/B07B3FTDF8?tag=bfvaleza-21&ascsubtag=7388186%2C11%2C45%2Cmobile_web%2C0%2C0%2C0%2C0%3A0%2C25654925%2C0%2C0%2C0,https://www.buzzfeed.com/valezabakolli/best-amazon-gifts-for-spring-birthdays
Amazon,"I can pretty much guarantee that anybody's reaction to receiving this  box of Lindt truffles  will be: ""*gasp* how did you know they were my favourite?"".",https://www.buzzfeed.com/valezabakolli/best-amazon-gifts-for-spring-birthdays,0d1d93e0-20a6-4bb0-855e-86bf7c685084,https://img.buzzfeed.com/buzzfeed-static/static/2022-03/15/11/asset/b507a570987d/sub-buzz-1571-1647344966-6.jpg,box of Lindt truffles,6,https://www.amazon.co.uk/dp/B00NW479QO?tag=bfvaleza-21&ascsubtag=7388186%2C12%2C45%2Cmobile_web%2C0%2C0%2C0%2C0%3A0%2C25654921%2C0%2C0%2C0,https://www.buzzfeed.com/valezabakolli/best-amazon-gifts-for-spring-birthdays
Amazon,"And if they have a *really* sweet tooth, they're sure to love this  hamper of all their faves , complete with a pretty basket.",https://www.buzzfeed.com/valezabakolli/best-amazon-gifts-for-spring-birthdays,5881d017-d133-41ee-a46c-a6849885f8cd,https://img.buzzfeed.com/buzzfeed-static/static/2023-04/13/9/asset/9ec7269c7b31/sub-buzz-1173-1681378202-1.jpg,hamper of all their faves,19.99,https://www.amazon.co.uk/dp/B089MT55Y7?tag=bfvaleza-21&ascsubtag=7388186%2C13%2C45%2Cmobile_web%2C0%2C0%2C0%2C0%3A0%2C25657268%2C0%2C0%2C0,https://www.buzzfeed.com/valezabakolli/best-amazon-gifts-for-spring-birthdays
Amazon,This  hydrating sheet mask  makes an excellent addition to a pamper hamper.,https://www.buzzfeed.com/valezabakolli/best-amazon-gifts-for-spring-birthdays,b81ee5f7-1419-43fe-a4d4-81e2e7c2ddfb,https://img.buzzfeed.com/buzzfeed-static/static/2022-03/15/12/asset/cf8202273a0e/sub-buzz-1578-1647345639-23.jpg,hydrating sheet mask,2,https://www.amazon.co.uk/dp/B06XKNQDVM?tag=bfvaleza-21&ascsubtag=7388186%2C14%2C45%2Cmobile_web%2C0%2C0%2C0%2C0%3A0%2C25654922%2C0%2C0%2C0,https://www.buzzfeed.com/valezabakolli/best-amazon-gifts-for-spring-birthdays
Amazon,Or this  beautifully-presented pamper gift set  contains all you'll need in one package (and for under a tenner!).,https://www.buzzfeed.com/valezabakolli/best-amazon-gifts-for-spring-birthdays,b4dbc9af-5596-484d-bb5c-498976a4c5ee,https://img.buzzfeed.com/buzzfeed-static/static/2023-04/13/9/asset/a78bf0b64a0e/sub-buzz-771-1681378313-2.jpg,beautifully-presented pamper gift set,16.99,https://www.amazon.co.uk/dp/B0BQ38TY1B?tag=bfvaleza-21&ascsubtag=7388186%2C15%2C45%2Cmobile_web%2C0%2C0%2C0%2C0%3A0%2C25657248%2C0%2C0%2C0,https://www.buzzfeed.com/valezabakolli/best-amazon-gifts-for-spring-birthdays
Amazon,This  affordable bath bomb set  looks  far  more luxe than its under-£10 price tag!,https://www.buzzfeed.com/valezabakolli/best-amazon-gifts-for-spring-birthdays,29e953a7-c346-40aa-bc4c-36c46ebad658,https://img.buzzfeed.com/buzzfeed-static/static/2022-03/15/12/asset/b507a570987d/sub-buzz-1615-1647346516-15.jpg,affordable bath bomb set,10,https://www.amazon.co.uk/dp/B071DGXN1W?tag=bfvaleza-21&ascsubtag=7388186%2C16%2C45%2Cmobile_web%2C0%2C0%2C0%2C0%3A0%2C25654931%2C0%2C0%2C0,https://www.buzzfeed.com/valezabakolli/best-amazon-gifts-for-spring-birthdays
Amazon,I'd be willing to bet that they already had their eye on this  Revlon one-step hairdryer and volumiser brush  before you got it for them!,https://www.buzzfeed.com/valezabakolli/best-amazon-gifts-for-spring-birthdays,05817ef6-30c8-4af3-9722-67b8c5bf5baa,https://img.buzzfeed.com/buzzfeed-static/static/2022-03/15/12/asset/b507a570987d/sub-buzz-1603-1647346827-22.jpg,Revlon one-step hairdryer and volumiser brush,39.98,https://www.amazon.co.uk/dp/B08C8GR6Q9?tag=bfvaleza-21&ascsubtag=7388186%2C17%2C45%2Cmobile_web%2C0%2C0%2C0%2C0%3A0%2C25654928%2C0%2C0%2C0,https://www.buzzfeed.com/valezabakolli/best-amazon-gifts-for-spring-birthdays
Amazon,"This  gorgeous tennis bracelet  can be adjusted to fit multiple sizes, making it the ideal gift for basically anybody!",https://www.buzzfeed.com/valezabakolli/best-amazon-gifts-for-spring-birthdays,23c50be2-0f04-40e1-b887-6c9abf2e71b7,https://img.buzzfeed.com/buzzfeed-static/static/2022-03/15/12/asset/b507a570987d/sub-buzz-1634-1647347031-3.jpg,gorgeous tennis bracelet,15.99,https://www.amazon.co.uk/dp/B09334JJ75?tag=bfvaleza-21&ascsubtag=7388186%2C18%2C45%2Cmobile_web%2C0%2C0%2C0%2C0%3A0%2C25654924%2C0%2C0%2C0,https://www.buzzfeed.com/valezabakolli/best-amazon-gifts-for-spring-birthdays
Amazon,This  deluxe craft beer hamper  is pretty much a failsafe gift.,https://www.buzzfeed.com/valezabakolli/best-amazon-gifts-for-spring-birthdays,d835c611-9be3-45d0-9e5f-48480a72f914,https://img.buzzfeed.com/buzzfeed-static/static/2022-03/15/12/asset/cf8202273a0e/sub-buzz-1665-1647348653-8.jpg,deluxe craft beer hamper,18.99,https://www.amazon.co.uk/dp/B071F1C82T?tag=bfvaleza-21&ascsubtag=7388186%2C19%2C45%2Cmobile_web%2C0%2C0%2C0%2C0%3A0%2C25654937%2C0%2C0%2C0,https://www.buzzfeed.com/valezabakolli/best-amazon-gifts-for-spring-birthdays
Amazon,And if gin is your giftee's favourite tipple then they're sure to love this  selection of mini pink gins .,https://www.buzzfeed.com/valezabakolli/best-amazon-gifts-for-spring-birthdays,1f9725b8-f4e1-451c-968a-de2f10095dea,https://img.buzzfeed.com/buzzfeed-static/static/2023-04/13/9/asset/81ef35bcaa34/sub-buzz-533-1681378468-2.jpg,selection of mini pink gins,10,https://www.amazon.co.uk/dp/B07K4TMCSJ?tag=bfvaleza-21&ascsubtag=7388186%2C20%2C45%2Cmobile_web%2C0%2C0%2C0%2C0%3A0%2C25657235%2C0%2C0%2C0,https://www.buzzfeed.com/valezabakolli/best-amazon-gifts-for-spring-birthdays
Amazon,And this  balloon gin glass  makes the perfect accompanying gift. You can choose from a selection of dates for special birthdays like 30th or 21st!,https://www.buzzfeed.com/valezabakolli/best-amazon-gifts-for-spring-birthdays,8360bf29-3ee9-4ff5-8944-3a29ea090c73,https://img.buzzfeed.com/buzzfeed-static/static/2023-04/13/9/asset/34fc681c822b/sub-buzz-3136-1681379044-3.jpg,balloon gin glass,9.97,https://www.amazon.co.uk/dp/B09LMJ84NH?tag=bfvaleza-21&ascsubtag=7388186%2C21%2C45%2Cmobile_web%2C0%2C0%2C0%2C0%3A0%2C25657255%2C0%2C0%2C0,https://www.buzzfeed.com/valezabakolli/best-amazon-gifts-for-spring-birthdays
Amazon,This  wholesome journal  will encourage them to take a few minutes out of each morning and evening to note down what they're grateful for.,https://www.buzzfeed.com/valezabakolli/best-amazon-gifts-for-spring-birthdays,f068c5e8-41b0-48f4-bb88-0cc98482ff62,"https://img.buzzfeed.com/buzzfeed-static/static/2022-03/15/12/asset/fc02a499cd56/sub-buzz-1616-1647349012-9.jpg?crop=1500:1196;0,0",wholesome journal,22.99,https://www.amazon.co.uk/dp/B07WGHW23N?tag=bfvaleza-21&ascsubtag=7388186%2C22%2C45%2Cmobile_web%2C0%2C0%2C0%2C0%3A0%2C25654929%2C0%2C0%2C0,https://www.buzzfeed.com/valezabakolli/best-amazon-gifts-for-spring-birthdays
Amazon,"And this  amazing journal  is designed to promote reflection, self-awareness, and develop positive habits in kids.",https://www.buzzfeed.com/valezabakolli/best-amazon-gifts-for-spring-birthdays,b3b264b2-dee6-48b4-ae8d-50cc7af7552e,https://img.buzzfeed.com/buzzfeed-static/static/2022-03/15/13/asset/e81255ae19ed/sub-buzz-1617-1647349241-25.jpg,amazing journal,24.9,https://www.amazon.co.uk/dp/B07V48JZCQ?tag=bfvaleza-21&ascsubtag=7388186%2C23%2C45%2Cmobile_web%2C0%2C0%2C0%2C0%3A0%2C25654926%2C0%2C0%2C0,https://www.buzzfeed.com/valezabakolli/best-amazon-gifts-for-spring-birthdays
Amazon,"I was *desperate* for a musical jewellery box just like  this one  when I was little, so I bet your mini-me will be too!",https://www.buzzfeed.com/valezabakolli/best-amazon-gifts-for-spring-birthdays,e6becbb8-e96e-4cae-93fd-1f6e1d8e7800,https://img.buzzfeed.com/buzzfeed-static/static/2022-03/15/13/asset/dd92b7a0b770/sub-buzz-8970-1647351141-1.jpg,this one,17.99,https://www.amazon.co.uk/dp/B01DYY7OXO?tag=bfvaleza-21&ascsubtag=7388186%2C24%2C45%2Cmobile_web%2C0%2C0%2C0%2C0%3A0%2C25654936%2C0%2C0%2C0,https://www.buzzfeed.com/valezabakolli/best-amazon-gifts-for-spring-birthdays
Amazon,Your friend who's into fitness will be sure to appreciate this  Breville personal blender  that comes in a chic black and copper colourway.,https://www.buzzfeed.com/valezabakolli/best-amazon-gifts-for-spring-birthdays,bd565d8f-cf48-4908-bf8e-a5eb016001e6,https://img.buzzfeed.com/buzzfeed-static/static/2022-03/15/13/asset/dd92b7a0b770/sub-buzz-8956-1647351516-18.jpg,Breville personal blender,39.48,https://www.amazon.co.uk/dp/B0891XPJVF?tag=bfvaleza-21&ascsubtag=7388186%2C25%2C45%2Cmobile_web%2C0%2C0%2C0%2C0%3A0%2C25654934%2C0%2C0%2C0,https://www.buzzfeed.com/valezabakolli/best-amazon-gifts-for-spring-birthdays
Amazon,These  cheeky socks  are perfect for your tea-loving bestie.,https://www.buzzfeed.com/valezabakolli/best-amazon-gifts-for-spring-birthdays,4e9adba8-4bd3-428f-9b36-27c3a009d84a,https://img.buzzfeed.com/buzzfeed-static/static/2022-03/15/13/asset/62c157990672/sub-buzz-1741-1647351832-26.jpg,cheeky socks,10.97,https://www.amazon.co.uk/dp/B07GPW5H2B?tag=bfvaleza-21&ascsubtag=7388186%2C26%2C45%2Cmobile_web%2C0%2C0%2C0%2C0%3A0%2C25654933%2C0%2C0%2C0,https://www.buzzfeed.com/valezabakolli/best-amazon-gifts-for-spring-birthdays
Amazon,Two soothing scented candles  for under £8? Yes please.,https://www.buzzfeed.com/valezabakolli/best-amazon-gifts-for-spring-birthdays,b9f45903-f0b0-408e-b75b-95aaf352c489,https://img.buzzfeed.com/buzzfeed-static/static/2023-04/13/10/asset/f75096da9394/sub-buzz-2348-1681380246-3.jpg,Two soothing scented candles,8,https://www.amazon.co.uk/dp/B09JZDP8Y5?tag=bfvaleza-21&ascsubtag=7388186%2C27%2C45%2Cmobile_web%2C0%2C0%2C0%2C0%3A0%2C25665123%2C0%2C0%2C0,https://www.buzzfeed.com/valezabakolli/best-amazon-gifts-for-spring-birthdays
Amazon,I'm willing to bet they'll be obsessed with this  mini LEGO model building set  that depicts the London skyline!,https://www.buzzfeed.com/valezabakolli/best-amazon-gifts-for-spring-birthdays,c0877e75-30a8-4bec-bcef-316f7c276881,https://img.buzzfeed.com/buzzfeed-static/static/2023-04/13/10/asset/cddf23b5839e/sub-buzz-900-1681380319-1.jpg,mini LEGO model building set,25.99,https://www.amazon.co.uk/dp/B01J41MPF8?tag=bfvaleza-21&ascsubtag=7388186%2C28%2C45%2Cmobile_web%2C0%2C0%2C0%2C0%3A0%2C25665117%2C0%2C0%2C0,https://www.buzzfeed.com/valezabakolli/best-amazon-gifts-for-spring-birthdays
Amazon,Your green-fingered pal will love this  unreasonably pretty gardening set .,https://www.buzzfeed.com/valezabakolli/best-amazon-gifts-for-spring-birthdays,12e635f1-74f0-4ca1-bd9a-1f76f04e3a01,https://img.buzzfeed.com/buzzfeed-static/static/2023-04/13/10/asset/9ec7269c7b31/sub-buzz-1327-1681380406-1.jpg,unreasonably pretty gardening set,14.99,https://www.amazon.co.uk/dp/B097RKDLPJ?tag=bfvaleza-21&ascsubtag=7388186%2C29%2C45%2Cmobile_web%2C0%2C0%2C0%2C0%3A0%2C25665131%2C0%2C0%2C0,https://www.buzzfeed.com/valezabakolli/best-amazon-gifts-for-spring-birthdays
Amazon,"Speaking of practical gifts, this  bedside organiser  is ideal for that person who always insists they ""don't want anything, love"".",https://www.buzzfeed.com/valezabakolli/best-amazon-gifts-for-spring-birthdays,269c4f2b-57d1-4fba-8e53-d237bdda810e,https://img.buzzfeed.com/buzzfeed-static/static/2023-04/13/10/asset/34fc681c822b/sub-buzz-3243-1681380547-7.jpg,bedside organiser,40.99,https://www.amazon.co.uk/dp/B0BNHPTQKM?tag=bfvaleza-21&ascsubtag=7388186%2C30%2C45%2Cmobile_web%2C0%2C0%2C0%2C0%3A0%2C25665137%2C0%2C0%2C0,https://www.buzzfeed.com/valezabakolli/best-amazon-gifts-for-spring-birthdays
Amazon,"If they've been eyeing up your Air Fryer with barely-concealed lust every time they pop over, I think it's time you bought them this  highly-rated Tower one  that has an impressive 4.3L capacity and is pretty reasonably priced.",https://www.buzzfeed.com/valezabakolli/best-amazon-gifts-for-spring-birthdays,533884a3-8b09-4d9e-be9c-cb336655ca94,"https://img.buzzfeed.com/buzzfeed-static/static/2023-04/13/10/asset/bbce5ee2544d/sub-buzz-3195-1681380647-3.jpg?crop=1350:1053;0,297",highly-rated Tower one,55.11,https://www.amazon.co.uk/dp/B077B9X3SB?tag=bfvaleza-21&ascsubtag=7388186%2C31%2C45%2Cmobile_web%2C0%2C0%2C0%2C0%3A0%2C25665134%2C0%2C0%2C0,https://www.buzzfeed.com/valezabakolli/best-amazon-gifts-for-spring-birthdays
Amazon,"And this  book filled with air fryer recipes  makes a great complementary gift, if you ask me.",https://www.buzzfeed.com/valezabakolli/best-amazon-gifts-for-spring-birthdays,86ee4ab4-5242-400d-81b6-39a890c3d03a,https://img.buzzfeed.com/buzzfeed-static/static/2023-04/13/10/asset/9ec7269c7b31/sub-buzz-1360-1681380779-1.jpg,book filled with air fryer recipes,9.49,https://www.amazon.co.uk/dp/1529903521?tag=bfvaleza-21&ascsubtag=7388186%2C32%2C45%2Cmobile_web%2C0%2C0%2C0%2C0%3A0%2C25665149%2C0%2C0%2C0,https://www.buzzfeed.com/valezabakolli/best-amazon-gifts-for-spring-birthdays
Amazon,This  empowering cards bundle  includes a pack of mindful meditation cards and a separate set filled with feel-good inspirational quotes.,https://www.buzzfeed.com/valezabakolli/best-amazon-gifts-for-spring-birthdays,a249e852-6af0-4f6d-8dc5-df3cd65fd2cb,,empowering cards bundle,9.16,https://www.amazon.co.uk/dp/B0BLNBQ4ZS?tag=bfvaleza-21&ascsubtag=7388186%2C33%2C45%2Cmobile_web%2C0%2C0%2C0%2C0%3A0%2C25665139%2C0%2C0%2C0,https://www.buzzfeed.com/valezabakolli/best-amazon-gifts-for-spring-birthdays
Amazon,Gift them a copy of 'your song' in physical form with this  personalised vinyl record print !,https://www.buzzfeed.com/valezabakolli/best-amazon-gifts-for-spring-birthdays,b985d16c-1742-4377-8348-6dd75ee17467,https://img.buzzfeed.com/buzzfeed-static/static/2023-04/13/10/asset/cddf23b5839e/sub-buzz-1074-1681383297-1.jpg,personalised vinyl record print,7.49,https://www.amazon.co.uk/dp/B077NHH91H?tag=bfvaleza-21&ascsubtag=7388186%2C34%2C45%2Cmobile_web%2C0%2C0%2C0%2C0%3A0%2C25665112%2C0%2C0%2C0,https://www.buzzfeed.com/valezabakolli/best-amazon-gifts-for-spring-birthdays
Amazon,I am  obsessed  with these  mermaid-esque dangly earrings !,https://www.buzzfeed.com/valezabakolli/best-amazon-gifts-for-spring-birthdays,d08fabd5-18eb-4b3c-902d-ce71e62d85e4,https://img.buzzfeed.com/buzzfeed-static/static/2023-04/13/10/asset/9ec7269c7b31/sub-buzz-1497-1681383361-2.jpg,mermaid-esque dangly earrings,9.6,https://www.amazon.co.uk/dp/B09CZCPJQQ?tag=bfvaleza-21&ascsubtag=7388186%2C35%2C45%2Cmobile_web%2C0%2C0%2C0%2C0%3A0%2C25665126%2C0%2C0%2C0,https://www.buzzfeed.com/valezabakolli/best-amazon-gifts-for-spring-birthdays
Amazon,Book lovers will appreciate  this candle  that smells like a comforting bookshop!,https://www.buzzfeed.com/valezabakolli/best-amazon-gifts-for-spring-birthdays,3b6ecf28-6a81-4b03-a43b-d1c334daefd0,https://img.buzzfeed.com/buzzfeed-static/static/2023-04/13/10/asset/f75096da9394/sub-buzz-2518-1681383417-11.jpg,this candle,14.99,https://www.amazon.co.uk/dp/B08SW7VP8Y?tag=bfvaleza-21&ascsubtag=7388186%2C36%2C45%2Cmobile_web%2C0%2C0%2C0%2C0%3A0%2C25665133%2C0%2C0%2C0,https://www.buzzfeed.com/valezabakolli/best-amazon-gifts-for-spring-birthdays
Amazon,And this  scented candle  literally smells like a hug in a jar (that's sandalwood and rose to you and me).,https://www.buzzfeed.com/valezabakolli/best-amazon-gifts-for-spring-birthdays,9e248de7-4922-408c-8e1f-07e86b084a0e,"https://img.buzzfeed.com/buzzfeed-static/static/2023-04/13/10/asset/f75096da9394/sub-buzz-2532-1681383549-2.jpg?crop=1125:1117;0,383",scented candle,17.99,https://www.amazon.co.uk/dp/B092MKL338?tag=bfvaleza-21&ascsubtag=7388186%2C37%2C45%2Cmobile_web%2C0%2C0%2C0%2C0%3A0%2C25665127%2C0%2C0%2C0,https://www.buzzfeed.com/valezabakolli/best-amazon-gifts-for-spring-birthdays
Amazon,"This  marble-effect mug  includes a lid, luxe-looking long teaspoon, and relevant quote.",https://www.buzzfeed.com/valezabakolli/best-amazon-gifts-for-spring-birthdays,ff8a272c-6275-4660-b427-4cbfbe480e41,https://img.buzzfeed.com/buzzfeed-static/static/2023-04/13/11/asset/34fc681c822b/sub-buzz-3425-1681383644-1.jpg,marble-effect mug,12.99,https://www.amazon.co.uk/dp/B09VGC66V7?tag=bfvaleza-21&ascsubtag=7388186%2C38%2C45%2Cmobile_web%2C0%2C0%2C0%2C0%3A0%2C25665129%2C0%2C0%2C0,https://www.buzzfeed.com/valezabakolli/best-amazon-gifts-for-spring-birthdays
Amazon,This chic  monogrammed shopper bag  will come in  so  handy.,https://www.buzzfeed.com/valezabakolli/best-amazon-gifts-for-spring-birthdays,2f18df5d-8d1a-4a55-9d7c-e19fc5b5d67b,https://img.buzzfeed.com/buzzfeed-static/static/2023-04/13/11/asset/a4db5602be57/sub-buzz-589-1681383731-1.jpg,monogrammed shopper bag,19.99,https://www.amazon.co.uk/dp/B09278GYGM?tag=bfvaleza-21&ascsubtag=7388186%2C39%2C45%2Cmobile_web%2C0%2C0%2C0%2C0%3A0%2C25665146%2C0%2C0%2C0,https://www.buzzfeed.com/valezabakolli/best-amazon-gifts-for-spring-birthdays
Amazon,Kids will adore these  colourful fizzing bath bombs !,https://www.buzzfeed.com/valezabakolli/best-amazon-gifts-for-spring-birthdays,426fa46d-49ca-4057-9ca5-227986eef188,,colourful fizzing bath bombs,11.99,https://www.amazon.co.uk/dp/B095K8275R?tag=bfvaleza-21&ascsubtag=7388186%2C40%2C45%2Cmobile_web%2C0%2C0%2C0%2C0%3A0%2C25665135%2C0%2C0%2C0,https://www.buzzfeed.com/valezabakolli/best-amazon-gifts-for-spring-birthdays
Amazon,Maybelline's  TikTok-viral Lifter gloss  makes a failsafe gift for beauty lovers.,https://www.buzzfeed.com/valezabakolli/best-amazon-gifts-for-spring-birthdays,d91068c3-562c-4a3a-8d4b-6b09ae105460,https://img.buzzfeed.com/buzzfeed-static/static/2023-04/13/11/asset/f75096da9394/sub-buzz-2561-1681383896-1.jpg,TikTok-viral Lifter gloss,6.54,https://www.amazon.co.uk/dp/B082XRFVNN?tag=bfvaleza-21&ascsubtag=7388186%2C41%2C45%2Cmobile_web%2C0%2C0%2C0%2C0%3A0%2C25665125%2C0%2C0%2C0,https://www.buzzfeed.com/valezabakolli/best-amazon-gifts-for-spring-birthdays
Amazon,And the same goes for these  bestselling Calvin Klein boxers .,https://www.buzzfeed.com/valezabakolli/best-amazon-gifts-for-spring-birthdays,aad128e5-45bd-4b90-b654-9bc889798c2c,https://img.buzzfeed.com/buzzfeed-static/static/2023-04/13/11/asset/cddf23b5839e/sub-buzz-1120-1681384009-1.jpg,bestselling Calvin Klein boxers,29.96,https://www.amazon.co.uk/dp/B07PPHGD4X?tag=bfvaleza-21&ascsubtag=7388186%2C42%2C45%2Cmobile_web%2C0%2C0%2C0%2C0%3A0%2C25665154%2C0%2C0%2C0,https://www.buzzfeed.com/valezabakolli/best-amazon-gifts-for-spring-birthdays
Amazon,"This  smart watch  includes a fitness tracker with a 24/7 heart rate, blood pressure, and sleep monitor – all for under £25!",https://www.buzzfeed.com/valezabakolli/best-amazon-gifts-for-spring-birthdays,b71a06d8-b8fb-4a58-8078-4830decc2961,"https://img.buzzfeed.com/buzzfeed-static/static/2023-04/13/11/asset/a78bf0b64a0e/sub-buzz-1189-1681384125-1.jpg?crop=1500:1091;0,120",smart watch,25,https://www.amazon.co.uk/dp/B0BWFBDB8H?tag=bfvaleza-21&ascsubtag=7388186%2C43%2C45%2Cmobile_web%2C0%2C0%2C0%2C0%3A0%2C25665128%2C0%2C0%2C0,https://www.buzzfeed.com/valezabakolli/best-amazon-gifts-for-spring-birthdays
Amazon,This  lil' wooden elephant  is both endlessly useful and unbelievably adorable!,https://www.buzzfeed.com/valezabakolli/best-amazon-gifts-for-spring-birthdays,3a54d184-071c-4151-8f20-23916dafa852,,lil' wooden elephant,13.99,https://www.amazon.co.uk/dp/B07Y1J3283?tag=bfvaleza-21&ascsubtag=7388186%2C44%2C45%2Cmobile_web%2C0%2C0%2C0%2C0%3A0%2C25665121%2C0%2C0%2C0,https://www.buzzfeed.com/valezabakolli/best-amazon-gifts-for-spring-birthdays
Amazon,"Finally, if all else fails you  know  this  Amazon gift voucher  will go down a treat. It even comes in a sweet birthday balloon tin!",https://www.buzzfeed.com/valezabakolli/best-amazon-gifts-for-spring-birthdays,89975838-316c-4728-b17a-e1ea44bee2b7,https://img.buzzfeed.com/buzzfeed-static/static/2022-03/15/13/asset/cf8202273a0e/sub-buzz-1733-1647352070-9.jpg,Amazon gift voucher,0,https://www.amazon.co.uk/dp/B086TKTQ5J?tag=bfvaleza-21&ascsubtag=7388186%2C45%2C45%2Cmobile_web%2C0%2C0%2C0%2C0%3A0%2C25654935%2C0%2C0%2C0,https://www.buzzfeed.com/valezabakolli/best-amazon-gifts-for-spring-birthdays
john-lewis-and-partners.pxf.io,"John Lewis have some gorgeous  Mother's Day gift options  ATM. So if you're still struggling on what to get her, we've compiled a list of our faves – starting with this deeply luxurious  Liz Earle Glowing Skin Ritual set !",https://www.buzzfeed.com/valezabakolli/marvellous-mothers-day-gifts-from-john-lewis,aecc0dcd-b1e4-484b-b9f7-4555d74952ee,https://img.buzzfeed.com/buzzfeed-static/static/2023-03/9/13/asset/3be44fcdc656/sub-buzz-438-1678369116-1.png?downsize=700%3A%2A&output-quality=auto&output-format=auto,Mother's Day gift options,35,https://john-lewis-and-partners.pxf.io/c/2029426/871855/12148?subId1=JohnLewisMothersDayValeza9March23-7347522&u=https%3A%2F%2Fwww.johnlewis.com%2Fmothers-day%2Fc60000147,https://www.buzzfeed.com/valezabakolli/marvellous-mothers-day-gifts-from-john-lewis
john-lewis-and-partners.pxf.io,These classic  faux fur slippers  are so cosy she'll never want to take them off!,https://www.buzzfeed.com/valezabakolli/marvellous-mothers-day-gifts-from-john-lewis,0d1f3fe5-fde5-43ac-a18d-f265fc7c6a78,https://img.buzzfeed.com/buzzfeed-static/static/2023-03/9/13/asset/f6fec0a516ca/sub-buzz-449-1678369230-2.png?downsize=700%3A%2A&output-quality=auto&output-format=auto,faux fur slippers,20,https://john-lewis-and-partners.pxf.io/c/2029426/871855/12148?subId1=JohnLewisMothersDayValeza9March23-7347522&u=https%3A%2F%2Fwww.johnlewis.com%2Fjohn-lewis-anyday-microsuede-faux-fur-mule-slippers%2Fp6289641,https://www.buzzfeed.com/valezabakolli/marvellous-mothers-day-gifts-from-john-lewis
john-lewis-and-partners.pxf.io,Give her a nostalgic gift in the form of  Clinique's Almost Lipstick in Black Honey  – the brilliant formula is universally flattering and has been popular since the '70s!,https://www.buzzfeed.com/valezabakolli/marvellous-mothers-day-gifts-from-john-lewis,bfc5d4d9-3a04-48f6-a6f2-1b374ea4a04f,https://img.buzzfeed.com/buzzfeed-static/static/2023-03/9/13/asset/039cc3ce2ad9/sub-buzz-4969-1678369423-1.jpg?downsize=700%3A%2A&output-quality=auto&output-format=auto,Clinique's Almost Lipstick in Black Honey,22,https://john-lewis-and-partners.pxf.io/c/2029426/871855/12148?subId1=JohnLewisMothersDayValeza9March23-7347522&u=https%3A%2F%2Fwww.johnlewis.com%2Fclinique-almost-lipstick-black-honey%2Fp6259128,https://www.buzzfeed.com/valezabakolli/marvellous-mothers-day-gifts-from-john-lewis
john-lewis-and-partners.pxf.io,"If she's a fan of Jo Malone scents, it'd almost be rude not to get her this  Peony & Blush Suede scent  in the limited edition Mother's Day packaging!",https://www.buzzfeed.com/valezabakolli/marvellous-mothers-day-gifts-from-john-lewis,28103dd4-9529-400a-8478-292b4c205f77,https://img.buzzfeed.com/buzzfeed-static/static/2023-03/9/13/asset/a2126db677c7/sub-buzz-701-1678369548-1.png,Peony & Blush Suede scent,110,https://john-lewis-and-partners.pxf.io/c/2029426/871855/12148?subId1=JohnLewisMothersDayValeza9March23-7347522&u=https%3A%2F%2Fwww.johnlewis.com%2Fjo-malone-london-mothers-day-limited-edition-peony-blush-suede-cologne-100ml%2Fp110062664,https://www.buzzfeed.com/valezabakolli/marvellous-mothers-day-gifts-from-john-lewis
john-lewis-and-partners.pxf.io,"Celebrate the day in style with this  champagne and chocolates gift set  that comes presented in a beautiful black and white box, so the gift wrapping is already taken care of!",https://www.buzzfeed.com/valezabakolli/marvellous-mothers-day-gifts-from-john-lewis,aad4afcf-4778-4c1b-96a9-f37174130491,https://img.buzzfeed.com/buzzfeed-static/static/2023-03/9/13/asset/e16048fb4a5e/sub-buzz-462-1678369663-1.png,champagne and chocolates gift set,38,https://john-lewis-and-partners.pxf.io/c/2029426/871855/12148?subId1=JohnLewisMothersDayValeza9March23-7347522&u=https%3A%2F%2Fwww.johnlewis.com%2Fjohn-lewis-champagne-chocolates-gift-1-5kg%2Fp6417168,https://www.buzzfeed.com/valezabakolli/marvellous-mothers-day-gifts-from-john-lewis
john-lewis-and-partners.pxf.io,"And if she has more of a sweet tooth, might I suggest this  sumptuous selection of Hotel Chocolat truffles ?",https://www.buzzfeed.com/valezabakolli/marvellous-mothers-day-gifts-from-john-lewis,755ac78d-f02d-4f8c-ac42-05142e1cee30,https://img.buzzfeed.com/buzzfeed-static/static/2023-03/9/13/asset/6885dc75fc5a/sub-buzz-5283-1678369838-1.png,sumptuous selection of Hotel Chocolat truffles,24.5,https://john-lewis-and-partners.pxf.io/c/2029426/871855/12148?subId1=JohnLewisMothersDayValeza9March23-7347522&u=https%3A%2F%2Fwww.johnlewis.com%2Fhotel-chocolat-mothers-day-sleekster-355g%2Fp6360991,https://www.buzzfeed.com/valezabakolli/marvellous-mothers-day-gifts-from-john-lewis
john-lewis-and-partners.pxf.io,"If she's never happier than while feeding the ducks, these  cute printed socks  make a thoughtful  and  practical gift!",https://www.buzzfeed.com/valezabakolli/marvellous-mothers-day-gifts-from-john-lewis,78856c9b-fb92-44f0-bf5b-24626eeb87f5,https://img.buzzfeed.com/buzzfeed-static/static/2023-03/9/15/asset/6885dc75fc5a/sub-buzz-5639-1678375760-4.png,cute printed socks,27.95,https://john-lewis-and-partners.pxf.io/c/2029426/871855/12148?subId1=JohnLewisMothersDayValeza9March23-7347522&u=https%3A%2F%2Fwww.johnlewis.com%2Fthought-bamboo-duck-socks-pack-of-4-multi%2Fp109633715,https://www.buzzfeed.com/valezabakolli/marvellous-mothers-day-gifts-from-john-lewis
john-lewis-and-partners.pxf.io,"I mean,  Bobbi Brown's Vitamin Enriched Face Base  has reached cult status for a reason!",https://www.buzzfeed.com/valezabakolli/marvellous-mothers-day-gifts-from-john-lewis,4b4636c2-5ae7-434c-adc1-28630e3af0dc,,Bobbi Brown's Vitamin Enriched Face Base,49,https://john-lewis-and-partners.pxf.io/c/2029426/871855/12148?subId1=JohnLewisMothersDayValeza9March23-7347522&u=https%3A%2F%2Fwww.johnlewis.com%2Fbobbi-brown-vitamin-enriched-face-base%2Fp5636758,https://www.buzzfeed.com/valezabakolli/marvellous-mothers-day-gifts-from-john-lewis
john-lewis-and-partners.pxf.io,"I think it's time to upgrade her tired old earphones to these  AirPods , don't you? They come with a charging case and the wireless design won't get all tangled up in her bag like her current ones!",https://www.buzzfeed.com/valezabakolli/marvellous-mothers-day-gifts-from-john-lewis,3c0d0f86-8869-4e45-bea2-0374517ed1bc,https://img.buzzfeed.com/buzzfeed-static/static/2023-03/9/13/asset/039cc3ce2ad9/sub-buzz-4998-1678370244-2.png,AirPods,139,https://john-lewis-and-partners.pxf.io/c/2029426/871855/12148?subId1=JohnLewisMothersDayValeza9March23-7347522&u=https%3A%2F%2Fwww.johnlewis.com%2Fapple-airpods-with-charging-case-2nd-generation-2019%2Fp4073207,https://www.buzzfeed.com/valezabakolli/marvellous-mothers-day-gifts-from-john-lewis
john-lewis-and-partners.pxf.io,Allow me to introduce you to her  new favourite mug !,https://www.buzzfeed.com/valezabakolli/marvellous-mothers-day-gifts-from-john-lewis,875effa5-12f4-4edd-af5d-1236edc2a7ff,https://img.buzzfeed.com/buzzfeed-static/static/2023-03/9/13/asset/6885dc75fc5a/sub-buzz-5295-1678370336-1.png,new favourite mug,23,https://john-lewis-and-partners.pxf.io/c/2029426/871855/12148?subId1=JohnLewisMothersDayValeza9March23-7347522&u=https%3A%2F%2Fwww.johnlewis.com%2Femma-bridgewater-pink-hearts-mummy-half-pint-mug-300ml-pink%2Fp6393563,https://www.buzzfeed.com/valezabakolli/marvellous-mothers-day-gifts-from-john-lewis
john-lewis-and-partners.pxf.io,And I'm sure she'll appreciate this  Le Creuset petite casserole dish  to go with it! It's great for making smaller portions if she still defaults to cooking for a football team.,https://www.buzzfeed.com/valezabakolli/marvellous-mothers-day-gifts-from-john-lewis,8c58399b-efa7-4185-aea2-51925a669aa7,https://img.buzzfeed.com/buzzfeed-static/static/2023-03/9/14/asset/3339957110d6/sub-buzz-14235-1678370669-1.png,Le Creuset petite casserole dish,26,https://john-lewis-and-partners.pxf.io/c/2029426/871855/12148?subId1=JohnLewisMothersDayValeza9March23-7347522&u=https%3A%2F%2Fwww.johnlewis.com%2Fle-creuset-stoneware-mini-hearts-petite-casserole-250ml-white-pink%2Fp6424951,https://www.buzzfeed.com/valezabakolli/marvellous-mothers-day-gifts-from-john-lewis
john-lewis-and-partners.pxf.io,This  Clarins Lip Comfort Oil  is a super nourishing alternative to her usual drying lipstick.,https://www.buzzfeed.com/valezabakolli/marvellous-mothers-day-gifts-from-john-lewis,a0686ffe-eeaf-41aa-95d6-13a27a200e9b,,Clarins Lip Comfort Oil,21.5,https://john-lewis-and-partners.pxf.io/c/2029426/871855/12148?subId1=JohnLewisMothersDayValeza9March23-7347522&u=https%3A%2F%2Fwww.johnlewis.com%2Fclarins-lip-comfort-oil%2Fp6151964,https://www.buzzfeed.com/valezabakolli/marvellous-mothers-day-gifts-from-john-lewis
john-lewis-and-partners.pxf.io,"This timeless  Longchamp shoulder bag  is super lightweight, has a huge capacity, and folds up into a purse-sized parcel when she's not using it!",https://www.buzzfeed.com/valezabakolli/marvellous-mothers-day-gifts-from-john-lewis,86de67eb-c229-474c-83e6-f65f067cc1e7,https://img.buzzfeed.com/buzzfeed-static/static/2023-03/9/14/asset/e16048fb4a5e/sub-buzz-506-1678370896-4.png,Longchamp shoulder bag,100,https://john-lewis-and-partners.pxf.io/c/2029426/871855/12148?subId1=JohnLewisMothersDayValeza9March23-7347522&u=https%3A%2F%2Fwww.johnlewis.com%2Flongchamp-le-pliage-original-large-shoulder-bag%2Fp5051141,https://www.buzzfeed.com/valezabakolli/marvellous-mothers-day-gifts-from-john-lewis
john-lewis-and-partners.pxf.io,"Does she love both baking and  Harry Potter ? Well, I think the obvious gift choice would be this  Le Creuset Hedwig pie funnel !",https://www.buzzfeed.com/valezabakolli/marvellous-mothers-day-gifts-from-john-lewis,9ae5da22-3c6b-496d-a72c-5759799e163b,https://img.buzzfeed.com/buzzfeed-static/static/2023-03/9/14/asset/6885dc75fc5a/sub-buzz-5462-1678372965-1.png,Le Creuset Hedwig pie funnel,22,https://john-lewis-and-partners.pxf.io/c/2029426/871855/12148?subId1=JohnLewisMothersDayValeza9March23-7347522&u=https%3A%2F%2Fwww.johnlewis.com%2Fle-creuset-stoneware-harry-potter-hedwig-pie-funnel-white%2Fp5645977,https://www.buzzfeed.com/valezabakolli/marvellous-mothers-day-gifts-from-john-lewis
john-lewis-and-partners.pxf.io,"I predict she'll have this  cute green cardi  on a wash/wear/repeat cycle till it bobbles beyond recognition (which, knowing the quality of John Lewis' clothing, won't be any time soon!).",https://www.buzzfeed.com/valezabakolli/marvellous-mothers-day-gifts-from-john-lewis,1ee769f8-5f8d-4571-89db-5e5b5a968677,https://img.buzzfeed.com/buzzfeed-static/static/2023-03/9/14/asset/bdb8af376e05/sub-buzz-546-1678371379-4.png,cute green cardi,34,https://john-lewis-and-partners.pxf.io/c/2029426/871855/12148?subId1=JohnLewisMothersDayValeza9March23-7347522&u=https%3A%2F%2Fwww.johnlewis.com%2Fjohn-lewis-anyday-plain-ribbed-cropped-cardigan%2Fp109732995,https://www.buzzfeed.com/valezabakolli/marvellous-mothers-day-gifts-from-john-lewis
john-lewis-and-partners.pxf.io,Give her the gift of a great night's sleep with this deeply soothing  NEOM pillow spray .,https://www.buzzfeed.com/valezabakolli/marvellous-mothers-day-gifts-from-john-lewis,e01ac87c-92a1-4554-9b0b-031225e76523,https://img.buzzfeed.com/buzzfeed-static/static/2023-03/9/14/asset/039cc3ce2ad9/sub-buzz-5054-1678371153-1.png,NEOM pillow spray,20,https://john-lewis-and-partners.pxf.io/c/2029426/871855/12148?subId1=JohnLewisMothersDayValeza9March23-7347522&u=https%3A%2F%2Fwww.johnlewis.com%2Fneom-organics-london-perfect-nights-sleep-pillow-mist-30ml%2Fp3176710,https://www.buzzfeed.com/valezabakolli/marvellous-mothers-day-gifts-from-john-lewis
john-lewis-and-partners.pxf.io,"While we're on the subject, this  luxe silk pillowcase  makes the perfect complementary gift! It's made from 100% mulberry silk which will protect her hair from breakage and keep her skin hydrated while she sleeps.",https://www.buzzfeed.com/valezabakolli/marvellous-mothers-day-gifts-from-john-lewis,8250702b-d7c1-4765-a8b1-25ddf04dd7d6,https://img.buzzfeed.com/buzzfeed-static/static/2023-03/9/14/asset/fe7db6ff1cb5/sub-buzz-747-1678371645-1.png,luxe silk pillowcase,50,https://john-lewis-and-partners.pxf.io/c/2029426/871855/12148?subId1=JohnLewisMothersDayValeza9March23-7347522&u=https%3A%2F%2Fwww.johnlewis.com%2Fjohn-lewis-the-ultimate-collection-silk-standard-pillowcase%2Fp6131622,https://www.buzzfeed.com/valezabakolli/marvellous-mothers-day-gifts-from-john-lewis
john-lewis-and-partners.pxf.io,And I'm sure she'll be a huge fan of these  floral cotton PJs  that strike a perfect balance between elegant and fun.,https://www.buzzfeed.com/valezabakolli/marvellous-mothers-day-gifts-from-john-lewis,3838271c-5372-4dd9-9a8f-d1c3b19f22d5,https://img.buzzfeed.com/buzzfeed-static/static/2023-03/9/14/asset/fe7db6ff1cb5/sub-buzz-751-1678371487-1.png,floral cotton PJs,29,https://john-lewis-and-partners.pxf.io/c/2029426/871855/12148?subId1=JohnLewisMothersDayValeza9March23-7347522&u=https%3A%2F%2Fwww.johnlewis.com%2Fjohn-lewis-jasmin-floral-print-cotton-pyjama-set-navy%2Fp109440003,https://www.buzzfeed.com/valezabakolli/marvellous-mothers-day-gifts-from-john-lewis
john-lewis-and-partners.pxf.io,"If she wants to keep on top of her fitness, I'm sure she'll appreciate this  Fitbit Inspire 2  that tracks her heart rate, step count, and more.",https://www.buzzfeed.com/valezabakolli/marvellous-mothers-day-gifts-from-john-lewis,88f75e16-739a-460c-96ce-d38ca88e1625,https://img.buzzfeed.com/buzzfeed-static/static/2023-03/9/14/asset/e16048fb4a5e/sub-buzz-553-1678371858-3.png,Fitbit Inspire 2,44.99,https://john-lewis-and-partners.pxf.io/c/2029426/871855/12148?subId1=JohnLewisMothersDayValeza9March23-7347522&u=https%3A%2F%2Fwww.johnlewis.com%2Ffitbit-inspire-2-health-and-fitness-tracker-with-heart-rate-monitor%2Fp5121333,https://www.buzzfeed.com/valezabakolli/marvellous-mothers-day-gifts-from-john-lewis
john-lewis-and-partners.pxf.io,"If she enjoys a high-quality cuppa I bet this  Hotel Chocolat Velvetiser  will change her mornings for good! She can make her own barista-level beverages using this bad boy – and it's not just for hot chocolate either, it's also an incredible milk frother, matcha tea maker, and  so  much more.",https://www.buzzfeed.com/valezabakolli/marvellous-mothers-day-gifts-from-john-lewis,893fbfd7-be22-4265-ab5f-538ccb2788d7,,Hotel Chocolat Velvetiser,110,https://john-lewis-and-partners.pxf.io/c/2029426/871855/12148?subId1=JohnLewisMothersDayValeza9March23-7347522&u=https%3A%2F%2Fwww.johnlewis.com%2Fhotel-chocolat-velvetiser-hot-chocolate-maker%2Fp4221116,https://www.buzzfeed.com/valezabakolli/marvellous-mothers-day-gifts-from-john-lewis
john-lewis-and-partners.pxf.io,"And if her current coffee machine is constantly on the blink, I think it's high time you upgraded her to  The Bambino®  by Sage. It offers all she'll need for a high-quality brew and the compact design won't take up too much space on the kitchen counter!",https://www.buzzfeed.com/valezabakolli/marvellous-mothers-day-gifts-from-john-lewis,43ce4329-c773-422f-a2e6-87f8da3dcd76,https://img.buzzfeed.com/buzzfeed-static/static/2023-03/9/14/asset/6885dc75fc5a/sub-buzz-5418-1678372521-10.png,The Bambino®,299,https://john-lewis-and-partners.pxf.io/c/2029426/871855/12148?subId1=JohnLewisMothersDayValeza9March23-7347522&u=https%3A%2F%2Fwww.johnlewis.com%2Fsage-the-bambino-stainless-steel-coffee-machine%2Fp6263794,https://www.buzzfeed.com/valezabakolli/marvellous-mothers-day-gifts-from-john-lewis
john-lewis-and-partners.pxf.io,"This  NEOM Real Luxury Skin Treatment candle  won't just make the room smell like a spa, the wax also melts into a warm oil which you can use to give her a much-needed back rub!",https://www.buzzfeed.com/valezabakolli/marvellous-mothers-day-gifts-from-john-lewis,17bc0103-277f-4efc-974c-cc7c873d93b9,https://img.buzzfeed.com/buzzfeed-static/static/2023-03/9/14/asset/a2126db677c7/sub-buzz-857-1678372653-1.png,NEOM Real Luxury Skin Treatment candle,45,https://john-lewis-and-partners.pxf.io/c/2029426/871855/12148?subId1=JohnLewisMothersDayValeza9March23-7347522&u=https%3A%2F%2Fwww.johnlewis.com%2Fneom-organics-london-real-luxury-skin-treatment-scented-candle-140g%2Fp4777076,https://www.buzzfeed.com/valezabakolli/marvellous-mothers-day-gifts-from-john-lewis
john-lewis-and-partners.pxf.io,"And if she often complains about neck, back, and shoulder aches then she'll love this  relaxing massage gun !",https://www.buzzfeed.com/valezabakolli/marvellous-mothers-day-gifts-from-john-lewis,7ce23d3f-b421-4b1e-8c7f-d2750a7ae8ac,https://img.buzzfeed.com/buzzfeed-static/static/2023-03/9/14/asset/3339957110d6/sub-buzz-14350-1678372796-1.png,relaxing massage gun,79.95,https://john-lewis-and-partners.pxf.io/c/2029426/871855/12148?subId1=JohnLewisMothersDayValeza9March23-7347522&u=https%3A%2F%2Fwww.johnlewis.com%2Flola-massage-gun%2Fp6171796,https://www.buzzfeed.com/valezabakolli/marvellous-mothers-day-gifts-from-john-lewis
john-lewis-and-partners.pxf.io,"Finally, she can snuggle up in this  unreasonably  cosy  oversized hoodie  when you're not around for an IRL cuddle.",https://www.buzzfeed.com/valezabakolli/marvellous-mothers-day-gifts-from-john-lewis,298476a4-1e18-4275-b733-9394b1aa5f14,"https://img.buzzfeed.com/buzzfeed-static/static/2023-03/9/14/asset/e16048fb4a5e/sub-buzz-568-1678372056-3.jpg?crop=1041:829;107,0",oversized hoodie,36,https://john-lewis-and-partners.pxf.io/c/2029426/871855/12148?subId1=JohnLewisMothersDayValeza9March23-7347522&u=https%3A%2F%2Fwww.johnlewis.com%2Fjohn-lewis-hi-pile-oversized-lounge-hoodie%2Fp6353736,https://www.buzzfeed.com/valezabakolli/marvellous-mothers-day-gifts-from-john-lewis
Amazon,"This  Da Vinci Code -esque  cryptex puzzle  can be reworked to make a password out of your own message! It also includes a bunch of romantic gifts inside, which you can replace with your own notes or a little gift to make it feel even more personal.",https://www.buzzfeed.com/valezabakolli/personalised-valentines-day-gifts-to-make-their-heart-melt,6a699923-82d9-41cb-8883-5f28fdbba2b9,https://img.buzzfeed.com/buzzfeed-static/static/2023-01/26/8/asset/53b4798917eb/sub-buzz-6059-1674723469-3.jpg?downsize=700%3A%2A&output-quality=auto&output-format=auto,cryptex puzzle,30.59,https://www.amazon.co.uk/dp/B07L49ZSPZ?tag=bfvaleza-21&ascsubtag=6926994%2C1%2C31%2Cmobile_web%2C0%2C0%2C0%2C0%3A0%2C19067691%2C0%2C0%2C0,https://www.buzzfeed.com/valezabakolli/personalised-valentines-day-gifts-to-make-their-heart-melt
thortful.pxf.io,"Let them know you love them more than chocolate, beach holidays, or your dog (which is really saying something!) with this  funny personalised card .",https://www.buzzfeed.com/valezabakolli/personalised-valentines-day-gifts-to-make-their-heart-melt,ec18312b-637b-4fae-8384-efcc0a866ac3,https://img.buzzfeed.com/buzzfeed-static/static/2023-01/31/11/asset/47809f1d7b58/sub-buzz-2376-1675165203-4.png?downsize=700%3A%2A&output-quality=auto&output-format=auto,funny personalised card,3.49,https://thortful.pxf.io/c/2029426/1359410/16371?subId1=PersonalisedValentinesGiftsValeza31Jan23-6926994&u=https%3A%2F%2Fwww.thortful.com%2Fcard%2F587679c4e4b0df02cebcef59,https://www.buzzfeed.com/valezabakolli/personalised-valentines-day-gifts-to-make-their-heart-melt
Amazon,"This  hand casting kit for couples  is an incredibly sweet activity to do together, plus you'll be left with a gorgeous ornament to treasure throughout your relationship.",https://www.buzzfeed.com/valezabakolli/personalised-valentines-day-gifts-to-make-their-heart-melt,a1f7fa89-3f93-4b77-b943-d432fa8fab2f,https://img.buzzfeed.com/buzzfeed-static/static/2023-01/31/13/asset/16dfa7265e00/sub-buzz-2517-1675173493-16.jpg?crop=1042%3A799%3B458%2C701&downsize=700%3A%2A&output-quality=auto&output-format=auto,hand casting kit for couples,29.99,https://www.amazon.co.uk/dp/B07BFVW12R?tag=bfvaleza-21&ascsubtag=6926994%2C3%2C31%2Cmobile_web%2C0%2C0%2C0%2C0%3A0%2C19067924%2C0%2C0%2C0,https://www.buzzfeed.com/valezabakolli/personalised-valentines-day-gifts-to-make-their-heart-melt
Amazon,Get super personal with this  explosion gift box ! They'll love opening each section and rediscovering another layer of the special memories that you've collated.,https://www.buzzfeed.com/valezabakolli/personalised-valentines-day-gifts-to-make-their-heart-melt,3478efc0-48a8-42c1-a8ee-874f68cc5620,https://img.buzzfeed.com/buzzfeed-static/static/2023-01/23/14/asset/b90adebb87ba/sub-buzz-406-1674485269-11.jpg,explosion gift box,10.88,https://www.amazon.co.uk/dp/B084V5995D?tag=bfvaleza-21&ascsubtag=6926994%2C4%2C31%2Cmobile_web%2C0%2C0%2C0%2C0%3A0%2C19067690%2C0%2C0%2C0,https://www.buzzfeed.com/valezabakolli/personalised-valentines-day-gifts-to-make-their-heart-melt
Amazon,Get 'your song' printed in soundwave form thanks to this stunning (yet surprisingly affordable)  copper foil print .,https://www.buzzfeed.com/valezabakolli/personalised-valentines-day-gifts-to-make-their-heart-melt,96395eb4-1aa3-42b2-9e24-61684abade49,https://img.buzzfeed.com/buzzfeed-static/static/2022-01/27/12/asset/bed7df749335/sub-buzz-1631-1643285787-6.jpg,copper foil print,12.99,https://www.amazon.co.uk/dp/B071ZYYKGY?tag=bfvaleza-21&ascsubtag=6926994%2C5%2C31%2Cmobile_web%2C0%2C0%2C0%2C0%3A0%2C19067678%2C0%2C0%2C0,https://www.buzzfeed.com/valezabakolli/personalised-valentines-day-gifts-to-make-their-heart-melt
AWIN,You can customise  these boxers  by printing your face all over them for a hilarious and super personal gift.,https://www.buzzfeed.com/valezabakolli/personalised-valentines-day-gifts-to-make-their-heart-melt,2fe8c4f3-7c57-45c0-8c6b-2740880b070d,https://img.buzzfeed.com/buzzfeed-static/static/2023-01/25/10/asset/1fbc89b3e21e/sub-buzz-1754-1674643914-8.jpg,these boxers,25,https://www.awin1.com/cread.php?awinmid=164&awinaffid=675773&campaign=&clickref=PersonalisedValentinesGiftsValeza31Jan23-6926994&clickref2=&clickref3=&clickref4=&clickref5=&clickref6=&ued=https%3A%2F%2Fwww.prezzybox.com%2Fpersonalised-photo-boxers-2.aspx&pl=la,https://www.buzzfeed.com/valezabakolli/personalised-valentines-day-gifts-to-make-their-heart-melt
Amazon,"I mean, who  wouldn't  be thrilled to unwrap this  personalised box of their favourite chocolates ?!",https://www.buzzfeed.com/valezabakolli/personalised-valentines-day-gifts-to-make-their-heart-melt,fbf2b530-e002-4083-93bc-0f67d08e2017,https://img.buzzfeed.com/buzzfeed-static/static/2023-01/31/14/asset/d3d1c1e13ad0/sub-buzz-406-1675175521-9.jpg,personalised box of their favourite chocolates,9.49,https://www.amazon.co.uk/dp/B08VDPYH4R?tag=bfvaleza-21&ascsubtag=6926994%2C7%2C31%2Cmobile_web%2C0%2C0%2C0%2C0%3A0%2C19068034%2C0%2C0%2C0,https://www.buzzfeed.com/valezabakolli/personalised-valentines-day-gifts-to-make-their-heart-melt
Amazon,"If you love nothing more than stargazing together, this  literal piece of a shooting star  will make an incredibly romantic gift. It comes with a personalised certificate of authenticity!",https://www.buzzfeed.com/valezabakolli/personalised-valentines-day-gifts-to-make-their-heart-melt,f4b916ba-b27d-428f-8ea4-1833b469bce1,,literal piece of a shooting star,24.9,https://www.amazon.co.uk/dp/B09P8L58DS?tag=bfvaleza-21&ascsubtag=6926994%2C8%2C31%2Cmobile_web%2C0%2C0%2C0%2C0%3A0%2C19068033%2C0%2C0%2C0,https://www.buzzfeed.com/valezabakolli/personalised-valentines-day-gifts-to-make-their-heart-melt
AWIN,I am  losing  it over this personalised  Build Me mini figure print – you can make the figures look exactly like the two of you and even add a personal note underneath!,https://www.buzzfeed.com/valezabakolli/personalised-valentines-day-gifts-to-make-their-heart-melt,c456feb4-ce37-4afa-bd64-db0d4a3e38f5,https://img.buzzfeed.com/buzzfeed-static/static/2023-01/25/11/asset/53b4798917eb/sub-buzz-4105-1674645026-26.jpg,Build Me mini figure print,49.5,https://www.awin1.com/cread.php?awinmid=164&awinaffid=675773&campaign=&clickref=PersonalisedValentinesGiftsValeza31Jan23-6926994&clickref2=&clickref3=&clickref4=&clickref5=&clickref6=&ued=https%3A%2F%2Fwww.prezzybox.com%2Fpersonalised-build-me-mini-figures-2-people.aspx&pl=la,https://www.buzzfeed.com/valezabakolli/personalised-valentines-day-gifts-to-make-their-heart-melt
Amazon,You can also add your own message to this  teddy bear 's lil' T-shirt! Simply too cute for words.,https://www.buzzfeed.com/valezabakolli/personalised-valentines-day-gifts-to-make-their-heart-melt,01231c40-254c-42e8-a453-89c0aa8c2c3c,https://img.buzzfeed.com/buzzfeed-static/static/2023-01/31/14/asset/255ede5bfcf0/sub-buzz-437-1675175857-8.jpg,teddy bear,12.95,https://www.amazon.co.uk/dp/B09KNRFBXW?tag=bfvaleza-21&ascsubtag=6926994%2C10%2C31%2Cmobile_web%2C0%2C0%2C0%2C0%3A0%2C19068040%2C0%2C0%2C0,https://www.buzzfeed.com/valezabakolli/personalised-valentines-day-gifts-to-make-their-heart-melt
AWIN,This super sweet  personalised postcode jigsaw  features your area! It makes a great gift if you've just moved into a new home.,https://www.buzzfeed.com/valezabakolli/personalised-valentines-day-gifts-to-make-their-heart-melt,e595e605-a2e1-47d3-8e14-181e702b9739,,personalised postcode jigsaw,30,https://www.awin1.com/cread.php?awinmid=164&awinaffid=675773&campaign=&clickref=PersonalisedValentinesGiftsValeza31Jan23-6926994&clickref2=&clickref3=&clickref4=&clickref5=&clickref6=&ued=https%3A%2F%2Fwww.prezzybox.com%2Fpersonalised-postcode-jigsaw-400-pieces-aerial.aspx&pl=la,https://www.buzzfeed.com/valezabakolli/personalised-valentines-day-gifts-to-make-their-heart-melt
AWIN,Do they love football? Thought so. This  football team history book  will give them all the major sports reports from their beloved team.,https://www.buzzfeed.com/valezabakolli/personalised-valentines-day-gifts-to-make-their-heart-melt,82305062-b2d0-4514-b545-d940f6263ba6,https://img.buzzfeed.com/buzzfeed-static/static/2023-01/25/12/asset/53b4798917eb/sub-buzz-4219-1674651129-10.jpg,football team history book,39.5,https://www.awin1.com/cread.php?awinmid=164&awinaffid=675773&campaign=&clickref=PersonalisedValentinesGiftsValeza31Jan23-6926994&clickref2=&clickref3=&clickref4=&clickref5=&clickref6=&ued=https%3A%2F%2Fwww.prezzybox.com%2Fpersonalised-football-team-history-book.aspx&pl=la,https://www.buzzfeed.com/valezabakolli/personalised-valentines-day-gifts-to-make-their-heart-melt
Amazon,"If they love nothing more than a good cuppa, they'll find this  prescription tea mug  both hilarious  and  handy.",https://www.buzzfeed.com/valezabakolli/personalised-valentines-day-gifts-to-make-their-heart-melt,dbe268c9-f365-4479-b7c9-3af8e27cb66b,https://img.buzzfeed.com/buzzfeed-static/static/2023-01/31/14/asset/d3d1c1e13ad0/sub-buzz-446-1675176091-5.jpg,prescription tea mug,11.9,https://www.amazon.co.uk/dp/B0B1Z3K3F2?tag=bfvaleza-21&ascsubtag=6926994%2C13%2C31%2Cmobile_web%2C0%2C0%2C0%2C0%3A0%2C19068032%2C0%2C0%2C0,https://www.buzzfeed.com/valezabakolli/personalised-valentines-day-gifts-to-make-their-heart-melt
